"URL","Submitted"
"https://www.playmagpie.com/country/australia","08/17/2026T09:20:00-07:00"
"https://www.playmagpie.com/country/canada/legal","08/11/2026T07:15:00-07:00"
"https://www.playmagpie.com/","08/11/2026T07:15:00-07:00"
"https://www.playmagpie.com/tracker/us-sweepstakes-casinos-by-state","08/11/2026T07:08:00-07:00"
"https://www.playmagpie.com/tracker/prediction-markets-legality","08/11/2026T07:08:00-07:00"
"https://www.playmagpie.com/country/australia/legal","08/11/2026T01:06:00-07:00"
"https://www.playmagpie.com/crypto/solana","08/10/2026T04:28:00-07:00"
"https://www.playmagpie.com/game/crash","08/10/2026T04:28:00-07:00"
"https://www.playmagpie.com/game/plinko","08/10/2026T04:28:00-07:00"
"https://www.playmagpie.com/crypto/dogecoin","08/10/2026T04:28:00-07:00"
"https://www.playmagpie.com/crypto/usdt","08/10/2026T04:28:00-07:00"
"https://www.playmagpie.com/crypto/ethereum","08/10/2026T04:28:00-07:00"
"https://www.playmagpie.com/game/dice","08/10/2026T04:28:00-07:00"
"https://www.playmagpie.com/crypto/bitcoin","08/10/2026T04:28:00-07:00"
"https://www.playmagpie.com/bonus/welcome-bonus","08/08/2026T10:52:00-07:00"
"https://www.playmagpie.com/bonus/free-spins","08/08/2026T10:52:00-07:00"
"https://www.playmagpie.com/bonus/reload-bonus","08/08/2026T10:52:00-07:00"
"https://www.playmagpie.com/bonus/vip-bonus","08/08/2026T10:52:00-07:00"
"https://www.playmagpie.com/bonus/no-deposit-bonus","08/08/2026T10:52:00-07:00"
"https://www.playmagpie.com/bonus/cashback","08/08/2026T10:52:00-07:00"
"https://www.playmagpie.com/bonus/high-roller-bonus","08/08/2026T10:52:00-07:00"
"https://www.playmagpie.com/country/japan","08/07/2026T13:42:00-07:00"
"https://www.playmagpie.com/country/sweden","08/07/2026T13:42:00-07:00"
"https://www.playmagpie.com/country/germany","08/07/2026T13:42:00-07:00"
"https://www.playmagpie.com/country/netherlands","08/07/2026T13:42:00-07:00"
"https://www.playmagpie.com/country/canada","08/07/2026T13:42:00-07:00"
"https://www.playmagpie.com/country/new-zealand","08/07/2026T13:42:00-07:00"
"https://www.playmagpie.com/country/ireland","08/07/2026T13:42:00-07:00"
"https://www.playmagpie.com/country/norway","08/07/2026T13:42:00-07:00"
"https://www.playmagpie.com/country/finland","08/07/2026T13:42:00-07:00"
"https://www.playmagpie.com/reviews/bitstarz","08/02/2026T05:40:00-07:00"
"https://www.playmagpie.com/reviews/bitstarz/bonus","08/02/2026T04:50:00-07:00"
"https://www.playmagpie.com/reviews/cloudbet/kyc","08/01/2026T10:48:00-07:00"
"https://www.playmagpie.com/reviews/cloudbet/withdrawal","08/01/2026T10:48:00-07:00"
"https://www.playmagpie.com/reviews/cloudbet/payment-methods","08/01/2026T10:48:00-07:00"
"https://www.playmagpie.com/reviews/bitstarz/withdrawal","08/01/2026T10:48:00-07:00"
"https://www.playmagpie.com/reviews/bitstarz/kyc","08/01/2026T10:48:00-07:00"
"https://www.playmagpie.com/guides/do-crypto-casinos-require-kyc","08/01/2026T10:48:00-07:00"
"https://www.playmagpie.com/compare/7bit-casino-vs-bitstarz","08/01/2026T10:48:00-07:00"
"https://www.playmagpie.com/fast-withdrawal-casinos","08/01/2026T10:48:00-07:00"
"https://www.playmagpie.com/reviews/duelbits","08/01/2026T10:45:00-07:00"
"https://www.playmagpie.com/reviews/7bit-casino/withdrawal","08/01/2026T10:45:00-07:00"
"https://www.playmagpie.com/no-kyc-casinos","08/01/2026T10:45:00-07:00"
"https://www.playmagpie.com/reviews/bc-game/payment-methods","08/01/2026T10:45:00-07:00"
"https://www.playmagpie.com/bnb-crypto-casinos","08/01/2026T10:45:00-07:00"
"https://www.playmagpie.com/compare/bitstarz-vs-bc-game","08/01/2026T10:45:00-07:00"
"https://www.playmagpie.com/reviews/bc-game/kyc","08/01/2026T10:45:00-07:00"
"https://www.playmagpie.com/reviews/shuffle","08/01/2026T10:45:00-07:00"
"https://www.playmagpie.com/reviews/7bit-casino","08/01/2026T10:45:00-07:00"
"https://www.playmagpie.com/compare/cloudbet-vs-roobet","08/01/2026T09:48:00-07:00"
"https://www.playmagpie.com/guides/large-crypto-casino-withdrawals","08/01/2026T09:16:00-07:00"
"https://www.playmagpie.com/guides/why-is-my-crypto-casino-withdrawal-pending","07/28/2026T05:24:00-07:00"
"https://playmagpie.com/guides/YOUR-SLUG","07/28/2026T04:08:00-07:00"
