"Grounding Query","Intent","Topic","Citations","Citation Share"
"can i use crypto casino australia","Research","Cryptocurrency & Digital Assets","151","27.26%"
"casino transaction pending","Learn and Solve","Online Gambling Platforms & Apps","137","18.15%"
"crypto withdrawal stuck casino","Learn and Solve","Finance","137","21.78%"
"are offshore casinos legal australia","Informational","Gambling Laws & Responsible Play","136","24.59%"
"australian players online casino restrictions","Informational","Online Gambling Platforms & Apps","94","23.10%"
"is it legal to play offshore casino australia","Informational","Gambling Laws & Responsible Play","80","26.67%"
"online casino australia legal","Informational","Online Gambling Platforms & Apps","77","15.22%"
"are online casinos legal in australia","Informational","Gambling Laws & Responsible Play","76","20.71%"
"can australians play online casino","Informational","Online Gambling Platforms & Apps","72","18.32%"
"why is casino withdrawal pending","Research","Finance","72","10.07%"
"casino withdrawal pending crypto","Research","Finance","71","15.04%"
"australia online casino legal","Informational","Gambling Laws & Responsible Play","69","19.94%"
"bitstarz vs bitstarz payid","Comparison","Online Gambling Platforms & Apps","68","26.25%"
"is crypto casino legal australia","Research","Gambling Laws & Responsible Play","64","38.32%"
"are crypto casinos legal australia","Informational","Gambling Laws & Responsible Play","61","25.63%"
"are online casinos legal in australia right now","Informational","Gambling Laws & Responsible Play","60","21.05%"
"why is my casino withdrawal pending","Learn and Solve","Online Gambling Platforms & Apps","60","19.23%"
"casino pending withdrawal","Learn and Solve","Finance","56","11.99%"
"online casino australia is it legal","","","55","32.54%"
"casino payment pending","Learn and Solve","Finance","55","19.23%"
"roobet casino zone","Informational","Online Gambling Platforms & Apps","50","19.69%"
"can australians play overseas online casinos","Informational","Online Gambling Platforms & Apps","50","18.18%"
"roobet zone","Informational","Online Gambling Platforms & Apps","49","17.19%"
"are australian players allowed on this casino","Informational","Online Gambling Platforms & Apps","48","15.74%"
"online casinos legal australia","Informational","Gambling Laws & Responsible Play","47","16.67%"
"is it safe to use crypto at online casinos in australia","Research","Cryptocurrency & Digital Assets","45","17.86%"
"is it legal to play online casino in australia right now","Informational","Gambling Laws & Responsible Play","45","25.28%"
"casino withdrawal stuck pending","Learn and Solve","Finance","44","15.83%"
"online casino allowed in australia","Informational","Online Gambling Platforms & Apps","43","20.57%"
"are online casinos legal in australia 2026","Informational","Gambling Laws & Responsible Play","42","14.84%"
"crypto casino withdrawal stuck","Learn and Solve","Finance","38","15.38%"
"roobet casino review","","","37","28.91%"
"online casino legal australia 2026","Informational","Gambling Laws & Responsible Play","36","18.56%"
"bitcoin casino australia legal","Research","Gambling Laws & Responsible Play","35","15.70%"
"online casino legality australia 2026","Research","Gambling Laws & Responsible Play","31","10.37%"
"crypto casino withdrawal txid","Learn and Solve","Online Gambling Platforms & Apps","31","16.76%"
"uk best online casino casino reviews cloudbet","Research","Online Gambling Platforms & Apps","24","26.67%"
"crypto withdrawal not received casino","Learn and Solve","Finance","24","15.09%"
"is bitstarz legal in australia","","","24","20.00%"
"can i play online casino in australia legally right now","Informational","Online Gambling Platforms & Apps","24","18.90%"
"crypto casino withdrawal pending","","","21","21.88%"
"casino not available australia","Informational","Entertainment","20","17.24%"
"crypto gambling australia","Informational","Cryptocurrency & Digital Assets","16","28.07%"
"can aussies play crypto casino","","","15","18.07%"
"is it legal to play online casino in australia in 2026","Informational","Gambling Laws & Responsible Play","15","13.39%"
"instant casino online casino reviews cloudbet","Research","Online Gambling Platforms & Apps","14","24.14%"
"fast payout online casino high roller casino cloudbet","Commercial","Online Gambling Platforms & Apps","14","30.43%"
"is it illegal to play online casino in australia","Informational","Gambling Laws & Responsible Play","14","15.56%"
"online casino legal in australia 2026","","","12","12.12%"
"online casino legal in australia","Informational","Gambling Laws & Responsible Play","12","10.53%"
"online casino legal australia","Informational","Gambling Laws & Responsible Play","12","10.53%"
"are online casinos legal australia","","","10","30.30%"
"rubet gambling","","","10","17.24%"
"online casino legal queensland","","","9","15.79%"
"can i play online casino in australia","Informational","Gambling Laws & Responsible Play","8","9.30%"
"bitstarz deposit methods australia","","","6","6.90%"
"can australians play offshore casinos","","","6","13.33%"
"can australians use crypto casino","Informational","Online Gambling Platforms & Apps","5","19.23%"
"bitcoin casino withdrawal pending","","","5","21.74%"
"paypal blocked casino australia","","","3","17.65%"
"casino withdrawal status pending","","","3","15.79%"
