"Page","Citations"
"https://www.playmagpie.com/country/australia/legal","1816"
"https://www.playmagpie.com/guides/why-is-my-crypto-casino-withdrawal-pending","805"
"https://www.playmagpie.com/reviews/roobet","722"
"https://www.playmagpie.com/reviews/cloudbet","124"
"https://www.playmagpie.com/reviews/bitstarz/payment-methods","113"
"https://www.playmagpie.com/country","8"
"https://www.playmagpie.com/bonus/cashback","4"
"https://www.playmagpie.com/country/sweden","4"
"https://www.playmagpie.com/reviews/bitstarz/kyc","3"
"https://www.playmagpie.com/country/japan","2"
"https://www.playmagpie.com/country/germany","1"
"https://www.playmagpie.com/reviews/cloudbet/kyc","1"
