Top pages,Clicks,Impressions,CTR,Position
https://www.playmagpie.com/reviews/roobet,3,18,16.67%,6.17
https://www.playmagpie.com/country/sweden,1,359,0.28%,39.94
https://www.playmagpie.com/bonus/no-deposit-bonus,1,152,0.66%,60.3
https://www.playmagpie.com/reviews/bc-game/kyc,1,34,2.94%,29
https://www.playmagpie.com/about,1,13,7.69%,2.85
https://www.playmagpie.com/compare/bc-game-vs-shuffle,1,2,50%,3
https://www.playmagpie.com/no-kyc-casinos,0,1704,0%,38.56
https://www.playmagpie.com/country/ireland,0,1345,0%,45.17
https://www.playmagpie.com/bnb-crypto-casinos,0,893,0%,45.3
https://www.playmagpie.com/crypto/dogecoin,0,679,0%,38.03
https://www.playmagpie.com/high-roller-casinos,0,593,0%,43.36
https://www.playmagpie.com/country/netherlands,0,557,0%,39.08
https://www.playmagpie.com/crypto/bnb,0,422,0%,44.06
https://www.playmagpie.com/best-crypto-pokies-nz,0,416,0%,42.97
https://www.playmagpie.com/reviews/mirax-casino,0,365,0%,45.41
https://www.playmagpie.com/country/canada,0,328,0%,42.9
https://www.playmagpie.com/country/norway,0,312,0%,44.61
https://www.playmagpie.com/fast-withdrawal-casinos,0,298,0%,48.81
https://www.playmagpie.com/reviews/bitstarz,0,293,0%,44.94
https://www.playmagpie.com/crypto/solana,0,192,0%,42.85
https://www.playmagpie.com/reviews/bitstarz/withdrawal,0,184,0%,39.25
https://www.playmagpie.com/crypto/usdc,0,182,0%,58.16
https://www.playmagpie.com/bonus/high-roller-bonus,0,179,0%,31.93
https://www.playmagpie.com/game/dice,0,173,0%,58.98
https://www.playmagpie.com/best-bitcoin-casino-canada,0,170,0%,50.48
https://www.playmagpie.com/crypto/ethereum,0,121,0%,65.51
https://www.playmagpie.com/crypto-casinos-with-sportsbook,0,110,0%,63.46
https://www.playmagpie.com/compare/duelbits-vs-bc-game,0,106,0%,4.91
https://www.playmagpie.com/country/germany,0,89,0%,39.26
https://www.playmagpie.com/guides/best-crypto-for-gambling,0,77,0%,50.48
https://www.playmagpie.com/reviews/cloudbet/payment-methods,0,76,0%,20.04
https://www.playmagpie.com/reviews/cloudbet,0,69,0%,41.19
https://www.playmagpie.com/game/plinko,0,64,0%,66.81
https://www.playmagpie.com/reviews/7bit-casino,0,57,0%,40.81
https://www.playmagpie.com/reviews/bitstarz/kyc,0,54,0%,21.5
https://www.playmagpie.com/no-limit-withdrawal-casinos,0,45,0%,44
https://www.playmagpie.com/reviews/duelbits/withdrawal,0,41,0%,22.54
https://www.playmagpie.com/bonus/cashback,0,38,0%,44.92
https://www.playmagpie.com/reviews/cloudbet/kyc,0,35,0%,21.83
https://www.playmagpie.com/country/australia/legal,0,28,0%,33.36
https://www.playmagpie.com/guides,0,28,0%,42.43
https://www.playmagpie.com/bonus/reload-bonus,0,26,0%,23.69
https://www.playmagpie.com/guides/how-crypto-casino-withdrawals-work,0,26,0%,61.12
https://www.playmagpie.com/guides/do-crypto-casinos-require-kyc,0,20,0%,46.8
https://www.playmagpie.com/best-bitcoin-casino-ireland,0,19,0%,55.68
https://www.playmagpie.com/crypto/usdt,0,19,0%,63.68
https://www.playmagpie.com/reviews/7bit-casino/withdrawal,0,18,0%,13.33
https://www.playmagpie.com/crypto/litecoin,0,18,0%,42.33
https://www.playmagpie.com/,0,15,0%,8.73
https://www.playmagpie.com/country/canada/legal,0,15,0%,40
https://www.playmagpie.com/reviews/shuffle,0,15,0%,40
https://www.playmagpie.com/reviews/cloudbet/withdrawal,0,13,0%,26.77
https://www.playmagpie.com/guides/fastest-casino-payout-methods,0,12,0%,27.75
https://www.playmagpie.com/best-bitcoin-casino-germany,0,12,0%,36.33
https://www.playmagpie.com/crypto,0,10,0%,28.9
https://www.playmagpie.com/reviews/duelbits,0,10,0%,39.7
https://www.playmagpie.com/country,0,10,0%,43.7
https://www.playmagpie.com/bonus/vip-bonus,0,8,0%,49.38
https://www.playmagpie.com/compare,0,7,0%,13.43
https://www.playmagpie.com/guides/how-casino-bonuses-really-work,0,7,0%,35.14
https://www.playmagpie.com/guides/bitcoin-vs-usdt-casinos,0,7,0%,47
https://www.playmagpie.com/game/crash,0,7,0%,71.43
https://www.playmagpie.com/game,0,6,0%,5.17
https://www.playmagpie.com/game/roulette,0,6,0%,22
https://www.playmagpie.com/best-bitcoin-casino-finland,0,6,0%,32
https://www.playmagpie.com/game/slots,0,5,0%,7.6
https://www.playmagpie.com/compare/shuffle-vs-bitstarz,0,5,0%,8.4
https://www.playmagpie.com/country/japan,0,5,0%,25.6
https://www.playmagpie.com/methodology,0,4,0%,2
https://www.playmagpie.com/contact,0,4,0%,5.75
https://www.playmagpie.com/compare/bitstarz-vs-cloudbet,0,4,0%,9.5
https://www.playmagpie.com/country/new-zealand,0,4,0%,40.75
https://www.playmagpie.com/reviews/bitstarz/payment-methods,0,3,0%,4.67
https://www.playmagpie.com/compare/bitstarz-vs-7bit-casino,0,3,0%,8.33
https://www.playmagpie.com/compare/7bit-casino-vs-mirax-casino,0,3,0%,9
https://www.playmagpie.com/crypto/bitcoin,0,3,0%,10
https://www.playmagpie.com/country/finland,0,3,0%,24.67
https://www.playmagpie.com/compare/bc-game-vs-cloudbet,0,3,0%,47.67
https://www.playmagpie.com/compare/bitstarz-vs-shuffle,0,2,0%,11
https://www.playmagpie.com/bonus,0,1,0%,1
https://www.playmagpie.com/reviews/bc-game,0,1,0%,3
https://www.playmagpie.com/best-crypto-casinos,0,1,0%,5
https://www.playmagpie.com/best-bitcoin-casino-norway,0,1,0%,7
https://www.playmagpie.com/reviews/mirax-casino/withdrawal,0,1,0%,20