Top queries,Clicks,Impressions,CTR,Position
crypto casino no deposit bonus 2026,1,6,16.67%,58.33
crypto casino ireland,0,1270,0%,44.78
no kyc casinos,0,740,0%,37.57
high roller bitcoin casinos,0,703,0%,41.23
no kyc casino,0,687,0%,39.3
bnb casino,0,567,0%,42.46
mirax casino review,0,246,0%,45.46
crypto casino nederland,0,243,0%,45.26
solana casino,0,189,0%,43.38
bitstarz withdrawal,0,177,0%,38.51
best dogecoin casinos,0,162,0%,28.3
dogecoin casinos,0,137,0%,34.82
mirax casino reviews,0,114,0%,45.3
crypto casino bnb,0,111,0%,50.22
bnb casinos,0,106,0%,40.89
crypto casinos netherlands,0,104,0%,24.75
bnb casino vergleich,0,99,0%,38.46
duelbits vs bc game,0,92,0%,4.75
dice crypto casino,0,92,0%,63.7
fastest bitcoin withdrawal casino,0,81,0%,46.28
crypto casino canada,0,78,0%,40.14
bitcoin pokies nz,0,77,0%,50
crypto casino sweden,0,76,0%,27.26
crypto casino & sportsbook,0,73,0%,61.85
crypto casino netherlands,0,68,0%,24.06
bitcoin casinos norway,0,66,0%,28.89
bitcoin casino sverige,0,66,0%,55.62
crypto casino sverige,0,65,0%,45.69
best crypto casino new zealand,0,64,0%,39.61
dogecoin casino,0,64,0%,50.52
crypto sportsbook sweden,0,60,0%,22.38
no kyc online casino,0,59,0%,39.85
casino no kyc,0,54,0%,38.09
best bitcoin casinos in new zealand,0,52,0%,42.83
bnb slots,0,52,0%,49.75
best no kyc casino,0,49,0%,42.49
best bnb casino,0,49,0%,50.57
bnb gambling,0,49,0%,57.2
crypto sportsbook netherlands,0,48,0%,20.67
crypto casino dice,0,47,0%,74.74
casinos con bnb,0,46,0%,33.11
best bnb casino sites,0,46,0%,58.3
bnb online gambling,0,44,0%,53.7
crypto casinos canada,0,43,0%,40.49
bitstarz withdrawal time,0,43,0%,41.3
new crypto casino no deposit bonus,0,42,0%,65.17
best dogecoin casino,0,41,0%,33
casino accepting bnb,0,41,0%,43.37
plinko crypto casino,0,40,0%,67.47
crypto casino norway,0,39,0%,39.77
norsk bitcoin casino,0,37,0%,69.14
cloudbet payment methods,0,35,0%,16.74
usd coin casino,0,35,0%,54.66
ethereum casino liste,0,35,0%,59.49
canada crypto casino,0,34,0%,41.71
crypto casinos,0,32,0%,46.25
usdc casino,0,32,0%,59.22
usd coin gambling,0,32,0%,71.22
canadian crypto casino,0,31,0%,40.32
bit starz verification,0,30,0%,26.17
7bit casino review,0,30,0%,44.23
usd coin casinos,0,30,0%,48.83
best crypto casino canada,0,30,0%,51.13
best crypto casinos in new zealand,0,29,0%,37.21
cloudbet deposit,0,28,0%,21.93
bitstarz withdrawal times,0,28,0%,42
crypto casino with fast withdrawals,0,28,0%,42.57
bitcoin casino sites norway,0,27,0%,30.81
best gambling cryptocurrency,0,27,0%,43.7
best bitcoin casino canada,0,27,0%,46.07
crypto casino no deposit bonus,0,27,0%,53.37
best gambling crypto coins,0,25,0%,60.24
ethereum casino,0,25,0%,67.88
norway bitcoin casino,0,24,0%,34
best crypto casino nz,0,24,0%,40.12
canada crypto casinos,0,24,0%,46.46
high roller crypto casinos,0,23,0%,32.35
limitless casino withdrawal,0,23,0%,40.26
crypto casinos ireland,0,23,0%,45.83
cloudbet kyc,0,22,0%,24.41
bitcoin casino sites germany,0,22,0%,36.23
leading bitcoin casinos in nz,0,22,0%,43.55
bitstarz withdrawal review,0,22,0%,46.18
best bitcoin casino germany,0,21,0%,38.62
duelbits casino withdrawal time,0,21,0%,43.29
doge 15 depot casino,0,21,0%,53.67
casino dogecoin,0,21,0%,54.29
bnb betting,0,21,0%,76.62
crypto casino germany,0,19,0%,41.74
"""kyc request"" ""active network""",0,18,0%,4.17
top dogecoin casinos,0,18,0%,28.67
cloudbet minimum deposit,0,18,0%,37.83
no deposit bonus crypto casino,0,18,0%,55.11
best doge casino,0,17,0%,28.29
high roller crypto casino,0,17,0%,34.65
best crypto casino norway,0,17,0%,39.94
best nz crypto casinos for beginners,0,17,0%,46
best crypto casino ireland,0,17,0%,49
bnb online casino,0,17,0%,50.06
best bitcoin casinos,0,17,0%,54.82
best crypto casino no deposit bonus,0,17,0%,63.29
top bnb casinos,0,16,0%,35.81
crypto casino cashback,0,16,0%,43.81
bitcoin casino with instant withdrawal,0,16,0%,69.12
top nz crypto gambling sites,0,15,0%,42.8
crypto casino games new zealand,0,15,0%,44.2
usdc casinos,0,15,0%,56.2
best dogecoin casino sites,0,14,0%,37.57
binance smart chain casino,0,14,0%,40
casino without kyc,0,14,0%,41.07
germany bitcoin casino,0,14,0%,41.43
cryptocurrency casinos canada,0,14,0%,45.64
best usd coin casinos,0,14,0%,48.79
bitstarz test,0,14,0%,54.86
best bitcoin casino,0,14,0%,59
norske bitcoin casino,0,14,0%,70
foggystar withdrawal,0,14,0%,75.43
krypto casino mit sportwetten,0,14,0%,75.5
cloudbet withdrawal,0,13,0%,30.38
best crypto casinos nz,0,13,0%,38
bit starz withdrawal,0,13,0%,41
casinos no kyc,0,13,0%,41.15
doge casinos,0,13,0%,41.23
bitcoin casinos canada,0,13,0%,42.69
best bitcoin casinos new zealand,0,13,0%,44.62
bit starz withdrawal times,0,13,0%,45
doge casino,0,13,0%,46.38
bitcoin sportsbook casino,0,13,0%,56.46
7bit casino withdrawal,0,12,0%,17.67
bitstarz kyc process,0,12,0%,19.67
top-rated bitcoin casinos in nz april 2026,0,12,0%,41.67
bitcoin casino fast payout,0,12,0%,43.42
top crypto casinos in nz with fast payouts,0,12,0%,46.33
casino bnb,0,11,0%,17.27
best dogecoin gambling,0,11,0%,25.73
cloudbet verification,0,11,0%,26
online casino no kyc,0,11,0%,36.82
top crypto casinos nz,0,11,0%,38.73
best bnb casinos,0,11,0%,42
cloudbet test,0,11,0%,45.55
trustdice casino withdrawal time,0,11,0%,45.64
canadian bitcoin casinos,0,11,0%,49
crypto casino doge,0,11,0%,50.27
cryptocasino sverige,0,11,0%,55.73
crypto casino plinko,0,11,0%,71.18
norway bitcoin casinos,0,10,0%,13.7
is 7bit casino legit,0,10,0%,36.3
play dogecoin casino,0,10,0%,46.3
casino usdc,0,10,0%,55.2
top bitcoin casinos,0,10,0%,61
bitcoin casino norway,0,10,0%,61.1
tether casinos,0,10,0%,63.9
blixtpay casino,0,10,0%,68.4
crypto casino norge,0,10,0%,69.7
bitcoin casino reload bonus,0,9,0%,22.22
no kyc casino cyprus,0,9,0%,26.89
popular dogecoin casinos,0,9,0%,27.44
bc game kyc,0,9,0%,31
best bitcoin casino norway,0,9,0%,35.44
crypto gambling canada,0,9,0%,36.67
best bitcoin casinos canada,0,9,0%,44.33
best crypto casinos canada,0,9,0%,51.11
top bitcoin casino,0,9,0%,55.56
best btc casino,0,9,0%,56.44
bitcoin casino ireland,0,9,0%,59.22
betrepublic sverige,0,9,0%,60.89
cryptocasino withdrawal,0,9,0%,63.33
crypto casino withdrawal,0,9,0%,64.89
krypto casino i norge,0,9,0%,71.11
ethereum casino payment,0,9,0%,76.11
no kyc casino india,0,8,0%,28.62
bc game kyc verification,0,8,0%,29.38
besten doge casinos,0,8,0%,36.25
popular crypto casinos in new zealand,0,8,0%,37.75
fast payout bitcoin casino,0,8,0%,43.5
how kyc works in crypto casinos,0,8,0%,46.5
canada bitcoin casinos,0,8,0%,48
dogecoin kasiino,0,8,0%,52.25
casinos dogecoin,0,8,0%,55.75
ethereum casino bonus,0,8,0%,70.88
reload bonus bitcoin casino,0,7,0%,22
reload bonus crypto casino,0,7,0%,24.86
cloudbet withdrawal time,0,7,0%,36.57
litecoin casinos,0,7,0%,37.43
best crypto to gamble on,0,7,0%,39.29
axonera ag payout speed,0,7,0%,42.71
7bit review,0,7,0%,43.43
cloudbet review,0,7,0%,43.71
casino usdt bitcoin,0,7,0%,47
no kyc crypto casino no deposit bonus,0,7,0%,51.57
live casino dogecoin,0,7,0%,52
betrepublic in sverige,0,7,0%,52.57
online dogecoin casinos,0,7,0%,53.57
bitcoin casinos norge,0,7,0%,65.57
casino etherium,0,7,0%,66.57
norske krypto casinoer,0,7,0%,69.29
usdc gambling,0,7,0%,71
gry betico crash,0,7,0%,71.43
crypto casinos nz,0,6,0%,26.83
no kyc casino philippines,0,6,0%,28.83
no kyc verification casino,0,6,0%,31.17
bitstarz kyc,0,6,0%,37.5
doge coin casinos,0,6,0%,40.67
canadian crypto casinos,0,6,0%,42.67
bitcoin casino cashback,0,6,0%,43.67
bitcoin casinos instant withdrawal,0,6,0%,46
best crypto casinos in canada,0,6,0%,48.33
kyc thresholds crypto casinos,0,6,0%,50.33
chanze withdrawal,0,6,0%,56.83
bitcoin gambling license,0,6,0%,59.83
usdt casino,0,6,0%,60
plinko casinos uudet,0,6,0%,63
new ethereum casinos,0,6,0%,63.33
crypto casinos online,0,6,0%,74.17
shuffle casino license,0,5,0%,34
is online gambling with bitcoin illegal,0,5,0%,34.4
bitstarz payout,0,5,0%,39.2
besten dogecoin casinos,0,5,0%,39.4
casino doge,0,5,0%,40.2
safe crypto casinos in nz 2026,0,5,0%,43.2
bitcoin casino canada review,0,5,0%,44
best bitcoin casino new zealand,0,5,0%,45.4
7bit casino reviews,0,5,0%,46
ireland bitcoin casinos,0,5,0%,46.6
bitcoin casinos ireland,0,5,0%,48.4
ethereum casinos vergleich,0,5,0%,48.6
online blackjack australia legal,0,5,0%,50.6
best bitcoin casinos with instant withdrawal,0,5,0%,51.8
casino utan svensk licens med bitcoin,0,5,0%,60
eth casino,0,5,0%,72
nixonteller payout,0,4,0%,6.5
best doge casinos,0,4,0%,25
is bitcoin gambling legal,0,4,0%,32
litecoin casinos offer,0,4,0%,33.25
bitcoin casino germany,0,4,0%,35
bitcoin casino sites canada,0,4,0%,35.5
doge coin casino,0,4,0%,36
shuffle airdrop,0,4,0%,36.5
bc game verification,0,4,0%,37.5
best bitcoin casinos germany,0,4,0%,38.5
bitstarz license,0,4,0%,38.75
cloudbet reviews,0,4,0%,40
gambling with cryptocurrency canada,0,4,0%,40.5
no kyc online casinos,0,4,0%,40.5
best bitcoin casinos in canada,0,4,0%,42.75
casino bitcoin canada,0,4,0%,42.75
play doge casino online,0,4,0%,43.25
online crypto casino canada,0,4,0%,43.5
best bitcoin casinos nz,0,4,0%,44.5
best bnb casino netherlands,0,4,0%,44.5
top bitcoin casinos new zealand,0,4,0%,44.5
bnbカジノ,0,4,0%,46
best bitcoin casino sites in canada,0,4,0%,46.25
bitcoin casino fast withdrawal,0,4,0%,49.5
bitcoin casinon i sverige,0,4,0%,49.75
online dogecoin casino,0,4,0%,53.25
gambivacasino sverige,0,4,0%,55.25
no withdrawal limit casino,0,4,0%,55.5
bc game no kyc alternative,0,4,0%,56.25
5star club withdrawal,0,4,0%,57.75
bitcoin best casino,0,4,0%,58
crypto casino with no deposit bonus,0,4,0%,58.75
crypto casino sportsbook,0,4,0%,60.25
crypto casino sports betting,0,4,0%,66
ethereum casinos,0,4,0%,66.75
pugglepay casino,0,4,0%,67
bitcoin casinos sweden,0,3,0%,24
crypto casino reload bonus,0,3,0%,29.33
bc game account verification required,0,3,0%,30
roulette crypto,0,3,0%,30
casino with no kyc,0,3,0%,34.67
best no kyc casinos,0,3,0%,35
crypto casino japan,0,3,0%,35.67
irish crypto casinos,0,3,0%,37.33
crypto casinos in canada,0,3,0%,38.67
dice casino crypto,0,3,0%,40.67
high roller bitcoin casino,0,3,0%,42.67
best bitcoin casino sites canada,0,3,0%,44
top ireland bitcoin casinos,0,3,0%,44.33
bästa utländska bitcoin casino,0,3,0%,45
recommended nz bitcoin casinos,0,3,0%,46.67
new dogecoin casinos,0,3,0%,47.33
pugglepay,0,3,0%,47.33
best crypto gamble,0,3,0%,50.33
best crypto for gambling,0,3,0%,52
litecoin casino,0,3,0%,53.33
memebet casino withdrawal,0,3,0%,54
casino 15 depot doge,0,3,0%,54.33
best cryptocurrency casinos ireland,0,3,0%,55
bitstarz recenze,0,3,0%,55.67
bitcoin casino license,0,3,0%,56.33
best cryptocurrency casinos canada,0,3,0%,58.67
no deposit crypto bonus casino,0,3,0%,58.67
crypto casino guide,0,3,0%,59
usdc online casino,0,3,0%,60.33
bitcoin casino instant withdrawal,0,3,0%,61.33
dogecoin casino bonus,0,3,0%,64
new tether casinos,0,3,0%,70.33
best ethereum casino bonus,0,3,0%,70.67
crypto online casinos,0,3,0%,74.33
online crypto casino no deposit bonus,0,3,0%,75
best no deposit bonus crypto casino,0,3,0%,82.67
casino crypto solana,0,2,0%,11
crypto casino i sverige,0,2,0%,14.5
bc.game kyc requirements 2026,0,2,0%,15.5
cloudbet minimum withdrawal,0,2,0%,17
no kyc casino japan,0,2,0%,23
king567 withdrawal time,0,2,0%,25.5
high roller crypto casino bonuses,0,2,0%,26
top dogecoin casino,0,2,0%,26.5
crypto casino guide 2026,0,2,0%,27
no kyc casino nigeria,0,2,0%,28
no kyc casino uae,0,2,0%,28
best online dogecoin casino,0,2,0%,29.5
no kyc casino pakistan,0,2,0%,30
bitcoin casino sites finland,0,2,0%,32.5
shuffle casino allowed countries,0,2,0%,32.5
bcgame kyc,0,2,0%,35.5
krypto casinos deutschland,0,2,0%,37.5
bc.game kyc,0,2,0%,38
crypto casinos new zealand,0,2,0%,38.5
duelbits withdrawal,0,2,0%,39
deutsche bitcoin casinos,0,2,0%,39.5
no kyc onlien casinos,0,2,0%,39.5
countries banning crypto gambling,0,2,0%,40
top bitcoin casino germany,0,2,0%,41
best stablecoin casinos,0,2,0%,43
bitcoin casino in canada,0,2,0%,43
best no kyc casinos 2025,0,2,0%,44
fastest withdrawal crypto casinos,0,2,0%,44
best crypto casino for high rollers,0,2,0%,44.5
crypto gambling australia,0,2,0%,45
best bitcoin casinos in new zealand for real money,0,2,0%,45.5
bitcoin casino withdrawal time,0,2,0%,47
no deposit crypto bonus,0,2,0%,48
top bitcoin casinos canada,0,2,0%,48.5
bitcoin gambling canada,0,2,0%,49.5
crypto casino with dogecoin games,0,2,0%,50
top bitcoin casino sites canada,0,2,0%,50
flashdash casino withdrawal time,0,2,0%,50.5
casinos without kyc,0,2,0%,51
irish ecopayz casinos,0,2,0%,51
krypto kasyno no deposit bonus,0,2,0%,51
best btc casinos,0,2,0%,52.5
bitcoin dogecoin casino,0,2,0%,53.5
dogecoin casino sites,0,2,0%,53.5
litecoin crypto casinos,0,2,0%,54
best bitcoin casino dice,0,2,0%,54.5
wild dice withdrawal limit,0,2,0%,54.5
top bnb betting sites,0,2,0%,55.5
bitstarz restricted countries,0,2,0%,56.5
crypto casino no deposit bonus 2022,0,2,0%,56.5
utländska bitcoin casino,0,2,0%,56.5
how do casino bonuses work,0,2,0%,57.5
wild dice withdraw times,0,2,0%,59
best online casinos bitcoin,0,2,0%,60
crypto dice casino,0,2,0%,61.5
best ethereum slots bonus,0,2,0%,62
stablecoin casinos,0,2,0%,63.5
doge casino crypto,0,2,0%,64.5
scorpion casino withdrawal time,0,2,0%,64.5
dogecoin live casino,0,2,0%,65
crypto casino dogecoin,0,2,0%,65.5
stablecoin casino,0,2,0%,66.5
casino usdt ethereum,0,2,0%,68
dogecoin online casino,0,2,0%,68
usdc 15 depot casino,0,2,0%,68.5
crypto gambling plinko,0,2,0%,69.5
best gambling tokens,0,2,0%,71.5
casino 15 depot dogecoin,0,2,0%,71.5
online casinos crypto,0,2,0%,71.5
crypto casinos with no deposit bonus,0,2,0%,80.5
ethereum live casinos,0,2,0%,80.5
fastest withdraw casinos in pa,0,2,0%,81
best no kyc online casinos,0,2,0%,82
best crypto casinos no deposit bonus,0,2,0%,84
найкращі країни для реєстрації крипто казино,0,2,0%,89
no kyc casino norway,0,1,0%,5
bitcoin casino sweden,0,1,0%,11
cloudbet minimum bet,0,1,0%,18
finland bitcoin casino,0,1,0%,18
fastest crypto casino payout 2026,0,1,0%,22
trusted dogecoin casinos,0,1,0%,25
best usdt casino norway,0,1,0%,26
dogecoin gambling sites,0,1,0%,26
321cryptocasino in suomi,0,1,0%,27
best bitcoin casino in norway,0,1,0%,27
top bitcoin casinos finland,0,1,0%,27
casino no kyc),0,1,0%,29
crypto casino fast payout,0,1,0%,29
fastest payout crypto casino,0,1,0%,29
crypto roulette casinos,0,1,0%,30
new no kyc casino 2026,0,1,0%,30
no kyc casino 2026,0,1,0%,30
no kyc casino indonesia,0,1,0%,30
top bitcoin casino finland,0,1,0%,30
casinos that accept doge,0,1,0%,32
crypto casinos instant withdrawal,0,1,0%,33
ontario crypto casino,0,1,0%,33
cryptocurrency for gambling,0,1,0%,35
casino bit casino new zealand,0,1,0%,36
bitstarz minimum deposit,0,1,0%,37
crypto casino deutschland,0,1,0%,37
review of 7bit casino,0,1,0%,37
crypto casino sites new zealand,0,1,0%,38
best bitcoin casinos dice,0,1,0%,40
casino with fast kyc,0,1,0%,40
7bit casino avis,0,1,0%,41
best bitcoin casino in canada,0,1,0%,41
canadian bitcoin casino,0,1,0%,41
cassino sem kyc,0,1,0%,41
crypto casino instant withdrawal,0,1,0%,41
crypto slot nz,0,1,0%,42
dogecoin casinos vergleich,0,1,0%,42
best bitcoin casinos in ireland,0,1,0%,43
bitcoin casinos in nz with no kyc,0,1,0%,43
dogecoin 10 depot casino,0,1,0%,43
is mirax casino legit,0,1,0%,43
mejor dogecoin casino,0,1,0%,43
no kyc slots,0,1,0%,43
bitcoin gambling legal,0,1,0%,44
casino litecoin,0,1,0%,44
dogecoin casino's,0,1,0%,44
omnia casino withdrawal limit,0,1,0%,44
plinko crypto game casinos,0,1,0%,44
shuffle airdrop 3,0,1,0%,44
best bitcoin casinos ireland,0,1,0%,45
bitcoin casino canada reviews,0,1,0%,45
btc casinos in ireland,0,1,0%,45
reel crypto sportsbook,0,1,0%,45
7bit cashback,0,1,0%,46
best crypto casino in canada,0,1,0%,46
bitcoin casino minimum deposit,0,1,0%,46
bitcoin casinos no deposit bonus,0,1,0%,46
bnb gambling sites,0,1,0%,46
casinò binance coin bnb,0,1,0%,46
gamdom supported countries,0,1,0%,46
top bitcoin casinos ireland,0,1,0%,46
best bitcoin casino with instant withdrawal,0,1,0%,47
canadian btc casinos,0,1,0%,47
instant withdrawal bitcoin casino,0,1,0%,47
irish bitcoin casino,0,1,0%,47
irish bitcoin casinos,0,1,0%,47
legit crypto casino canada,0,1,0%,47
best bitcoin casino canada in december 2025,0,1,0%,48
bestes bitcoin casino,0,1,0%,48
btc casino bitcoin canada,0,1,0%,48
canadian btc gambling sites,0,1,0%,48
instant payout crypto casinos,0,1,0%,48
is cloudbet legit,0,1,0%,48
krypto casino no deposit bonus,0,1,0%,48
top bitcoin casino canada,0,1,0%,49
casinos with no withdrawal limits,0,1,0%,50
cloudbet affiliate review,0,1,0%,50
how to play casino review bonus,0,1,0%,50
new crypto casinos no deposit bonus,0,1,0%,50
online casino dogecoin,0,1,0%,50
review of mirax casino,0,1,0%,50
bitkingz withdrawal times,0,1,0%,51
bitcoin best casinos,0,1,0%,52
crypto palace casino withdrawal time,0,1,0%,52
dogecoin kasyna,0,1,0%,52
dogecoin online casinos,0,1,0%,52
online casino canada bitcoin,0,1,0%,52
online casino instant bitcoin withdrawal,0,1,0%,52
best online casino ontario crypto,0,1,0%,53
binance coin casinos,0,1,0%,53
best bitcoin cash casinos in canada,0,1,0%,54
what is a casino bonus,0,1,0%,54
bitcoin pokies,0,1,0%,55
new litecoin casinos,0,1,0%,55
21bit best casinos,0,1,0%,56
dogecoin casino online,0,1,0%,56
usdc gambling sites,0,1,0%,56
best bitcoin casinos online,0,1,0%,57
top ethereum casino,0,1,0%,58
casino for dogecoin,0,1,0%,59
futureplay casino withdrawal time,0,1,0%,59
new bitcoin casinos in canada,0,1,0%,59
best gambling crypto,0,1,0%,60
mypayingcryptoads,0,1,0%,61
no withdrawal limit casinos,0,1,0%,61
best online bitcoin casino,0,1,0%,63
bitstarz sister casino,0,1,0%,63
gambling cryptos,0,1,0%,63
shuffle.com airdrop,0,1,0%,63
casino eth,0,1,0%,65
usdt сasino сanada,0,1,0%,65
bitcoin casinos instant withdrawals,0,1,0%,66
casino crypto,0,1,0%,66
norske bitcoin casinoer,0,1,0%,67
beste ethereum casinos,0,1,0%,68
ethereum casino bonuses,0,1,0%,68
top ethereum casinos,0,1,0%,68
crypto gambling guide,0,1,0%,69
cryptocurrencies used in crypto casinos,0,1,0%,69
nye ethereum casinoer,0,1,0%,69
bitcoin casino sides norsk,0,1,0%,70
ethereum casino bonis,0,1,0%,70
best no deposit bonus crypto casino 2026,0,1,0%,71
bitcoin casino norge,0,1,0%,71
plinko crypto,0,1,0%,71
bitcoin casinos with instant withdrawals,0,1,0%,72
btc casinos,0,1,0%,72
best no deposit crypto casinos,0,1,0%,76
dream catcher cloudbet,0,1,0%,76
bnb dice,0,1,0%,77
crypto casinos with instant withdrawal,0,1,0%,77
best crypto casinos with no deposit bonus,0,1,0%,78
crypto plinko,0,1,0%,78
plinko coin,0,1,0%,79
pay and play casino 2024,0,1,0%,80
best crypto casino no deposit bonus 2026,0,1,0%,81
guide to bitcoin casino jexpgames,0,1,0%,81
kasyno dogecoin,0,1,0%,81
live casino ethereum,0,1,0%,81
betportal casino finland,0,1,0%,83
usd coin 15 depot casino,0,1,0%,84
/kw no kyc casinos,0,1,0%,85
florida bitcoin gambling trust dice,0,1,0%,87
bitcoin casinos with instant withdrawal,0,1,0%,88
mental cloudbet,0,1,0%,95
bitcoin casino canada,0,1,0%,100
crypto no deposit bonus 2026,0,1,0%,112
shuffle money game,0,1,0%,152