"Keyword","Impressions","Clicks","CTR","Avg. Position"
"how do crypto casino withdrawals work","39","1","2.56%","5.769233333333333"
"casino transaction pending","29","1","3.45%","5.551734482758621"
"usdt withdrawal pending casino","24","2","8.33%","5.708333333333333"
"crypto casino withdrawal pending","17","0","0%","6.176470588235294"
"casino withdrawal pending crypto","16","0","0%","7.5625"
"crypto withdrawal pending casino","14","0","0%","7.142864285714286"
"cloudbet play-cloudbet com","11","0","0%","8.545454545454545"
"casino withdrawal stuck pending","8","0","0%","7.875"
"cloudbet online casino","7","0","0%","8.714271428571427"
"cloudbet crypto casino","7","0","0%","8.142857142857142"
"reviews casino online high roller casino cloudbet","5","0","0%","5"
"bitcoin casino withdrawal pending","5","0","0%","6.8"
"cloudbet terms kyc verification withdrawal","4","0","0%","2.25"
"cloudbet verification kyc official","4","0","0%","6.75"
"bc.game review provably fair withdrawal license 2026","4","0","0%","4.25"
"cloudbet no kyc withdrawal limit","4","0","0%","5.5"
"bc.game kyc verification process","4","0","0%","4.75"
"bitstarz kyc process","4","0","0%","4"
"roobet review provably fair withdrawal license 2026","4","0","0%","6.5"
"international crypto casinos with no deposit bonus and original games like mines limbo","4","0","0%","5.5"
"duelbits reputation no kyc policy","4","0","0%","3.75"
"bitstarz withdrawal time","4","0","0%","5.5"
"crypto casinos in germany","4","0","0%","8"
"cloudbet vip transfer casinos cash bonus no wager","3","0","0%","4.6667"
"high roller best online casino crypto casino cloudbet","3","0","0%","10"
"bc.game kyc crypto casino","3","0","0%","6.6667"
"best play casino online fast payout casino cloudbet","3","0","0%","10"
"how i can pass kyc in bc game","3","0","0%","4"
"play casino online reviews cloudbet","3","0","0%","8.666666666666666"
"reviews best online casino high roller casino cloudbet","2","0","0%","7"
"germany play casino online crypto casino bitstarz","2","0","0%","8"
"no deposit high roller casino cloudbet","2","0","0%","7"
"high stakes fast payout casino cloudbet","2","0","0%","9"
"no deposit play casino online fast payout casino cloudbet","2","0","0%","6"
"bc.game casino review 2026 — bonuses, wagering requirements, withdrawal times and kyc policy. what rating does it get?","2","0","0%","2"
"high roller instant play casino cloudbet","2","0","0%","9"
"high stakes casino online casino loyalty program cloudbet","2","0","0%","10"
"top best online casino high roller casino cloudbet","2","0","0%","10"
"high roller play casino online casino tournaments cloudbet","2","0","0%","9"
"reviews safe online casino cloudbet","2","0","0%","8"
"cloudbet casino kyc requirements","2","0","0%","5.5"
"review roobet.com","2","0","0%","8"
"high roller online casino best online casino cloudbet","2","0","0%","8"
"cloudbet review","2","0","0%","8"
"is crypto casino accepting jpy","2","1","50%","2"
"fast payout high roller casino cloudbet","2","0","0%","5"
"cloudbet reviews","2","0","0%","8.5"
"fast payout casino online mobile casino cloudbet","2","0","0%","9"
"cloudbet crypto casino review 2026","2","0","0%","7.5"
"high roller online casino fast payout casino cloudbet","2","0","0%","8"
"high stakes best online casino crypto casino cloudbet","2","0","0%","10"
"best casino online fast payout casino cloudbet","1","1","100%","6"
"miniumun deposit bitstarz","1","0","0%","1"
"cloudbet ranks","1","0","0%","8"
"fast payout best online casino crypto casino cloudbet","1","1","100%","4"
"cloudyberrybet_","1","0","0%","8"
"roobet.com recent statistics","1","0","0%","10"
""cloudbet" mmk","1","0","0%","9"
"did roobet go bankrupt?","1","0","0%","4"
"bc game no kyc crypto casino","1","0","0%","7"
"rpoobet monthlyvolume","1","0","0%","2"
"cloudbet.","1","0","0%","8"
"is cloudbet casino legit","1","0","0%","10"
"low stakes casino online casino reviews cloudbet","1","1","100%","10"
"reviews high roller casino cloudbet","1","0","0%","3"
"instant best online casino low deposit casino cloudbet","1","1","100%","7"
"should i use usdt or bitcoin in online casinos","1","0","0%","5"
"cloud bet kyc","1","0","0%","4"
"roobet.com login","1","0","0%","9"
"high roller online casino low deposit casino cloudbet","1","1","100%","8"
"cloudbet casino reviews","1","0","0%","10"
"roobet founder withdraws reward","1","0","0%","6"
"no deposit online casino high roller casino cloudbet","1","0","0%","9"
"bc.game kyc policy no verification required","1","0","0%","1"
"reviews play casino online virtual casino cloudbet","1","0","0%","10"
"play mobile crypto casino for high rollers","1","0","0%","4"
"does bitstarz let you deposit with credit card","1","0","0%","7"
"roobet reviews","1","0","0%","5"
"high roller low deposit casino cloudbet","1","0","0%","9"
"low deposit online casino fast payout casino cloudbet","1","0","0%","4"
"reviews online casino casino tournaments cloudbet","1","0","0%","7"
"bc.game kyc policy verification required withdrawal threshold","1","0","0%","1"
"ɓitstarz","1","0","0%","5"
"cloud bet kyc buy","1","0","0%","2"
"uk high roller casino cloudbet","1","0","0%","9"
"does roobet pay well","1","1","100%","2"
"bitstarz minimum deposit","1","0","0%","8"
"cloudbet play cloudbet com","1","0","0%","10"
"high roller best online casino casino reviews cloudbet","1","0","0%","4"
"which country allows crypto casinos","1","0","0%","3"
"fast payout fast payout casino cloudbet","1","0","0%","5"
"what country are most of the crypto casinos registered to","1","0","0%","1"
"fast payout casino online low deposit casino cloudbet","1","1","100%","4"
"bc.game kyc policy verification withdrawal soft","1","0","0%","1"
"high roller casino reviews cloudbet","1","0","0%","4"
"cloudbet crypto sportsbook","1","0","0%","10"
"fast payout casino online cloudbet","1","0","0%","6"
"top best online casino casino reviews cloudbet","1","0","0%","9"
"reviews best online casino low deposit casino cloudbet","1","0","0%","9"
"does roobet require id","1","0","0%","8"
"secure casino reviews cloudbet","1","0","0%","9"
"high roller casino online fast payout casino cloudbet","1","0","0%","4"
"safe fast payout casino cloudbet","1","0","0%","7"
"bonus fast payout casino cloudbet","1","0","0%","6"
"high roller online casino safe online casino cloudbet","1","0","0%","6"
"does cloudbet require kyuc","1","0","0%","3"
"is roobet bankrupt","1","0","0%","5"
"how long has roobet been a site","1","0","0%","5"
"high roller online casino crypto casino cloudbet","1","0","0%","4"
"best casinos sites for latam with no kyc verification that has the option to pay with debit or google pay","1","0","0%","10"
"high roller casino online casino reviews cloudbet","1","0","0%","6"
"what is the biggest withdrawal on shuffle.gg 2026","1","0","0%","10"
